uid,pop_key,focal_population,focal_population_label,reference_population,reference_population_label,statistic,chromosome,rank,epicenter,epicenter_seqid,epicenter_coord,focus_start,focus_start_seqid,focus_start_coord,focus_end,focus_end_seqid,focus_end_coord,peak_start,peak_start_seqid,peak_start_coord,peak_end,peak_end_seqid,peak_end_coord,delta_aic,delta_aic_left,delta_aic_right,min_flank_delta_aic,max_value,max_percentile,overlapping_genes
H12/BFM/2/1,BFM,BFM,Burkina Faso *An. coluzzii*,,,H12,2,1,64400000,2L,2854895,64020000,2L,2474895,64440000,2L,2894895,60660001,2R,60660001,64665105,2L,3120000,1800.369140625,1086.860107421875,619.791259765625,619.791259765625,0.8882587691661415,0.9994199535962877,AGAP004709 AGAP004710 AGAP004711 AGAP004712 AGAP004713 AGAP004714 AGAP004715 AGAP004716 AGAP004717 AGAP004718 AGAP004719 AGAP004720 AGAP004721 AGAP004722 AGAP004723 AGAP004724 AGAP004725 AGAP004726 AGAP004727 AGAP004728 AGAP004729 AGAP004730 AGAP004731
H12/BFS/2/1,BFS,BFS,Burkina Faso *An. gambiae*,,,H12,2,1,63600000,2L,2054895,63000000,2L,1454895,64240000,2L,2694895,60100001,2R,60100001,65185105,2L,3640000,1776.3736572265625,946.7273559570312,857.7724609375,857.7724609375,1.0,0.9999553810458682,AGAP004693 AGAP004694 AGAP028434 AGAP028435 AGAP004695 AGAP004696 AGAP004698 AGAP004699 AGAP004700 AGAP004701 AGAP028436 AGAP004702 AGAP004703 AGAP004704 AGAP028437 AGAP004706 AGAP004707 AGAP004708 AGAP004709 AGAP004710 AGAP004711 AGAP004712 AGAP004713 AGAP004714 AGAP004715 AGAP004716 AGAP004717 AGAP004718
H12/GNS/2/1,GNS,GNS,Guinea *An. gambiae*,,,H12,2,1,63400000,2L,1854895,62840000,2L,1294895,64020000,2L,2474895,60580001,2R,60580001,65085105,2L,3540000,1685.43701171875,869.1989135742188,832.0846557617188,832.0846557617188,1.0,0.9998215241834731,AGAP004691 AGAP028433 AGAP004692 AGAP004693 AGAP004694 AGAP028434 AGAP028435 AGAP004695 AGAP004696 AGAP004698 AGAP004699 AGAP004700 AGAP004701 AGAP028436 AGAP004702 AGAP004703 AGAP004704 AGAP028437 AGAP004706 AGAP004707 AGAP004708
H12/UGS/2/1,UGS,UGS,Uganda *An. gambiae*,,,H12,2,1,28480000,2R,28480000,28460000,2R,28460000,28500000,2R,28500000,28020001,2R,28020001,28900000,2R,28900000,1567.3641357421875,779.1138916015625,833.7835083007812,779.1138916015625,0.7077481383730795,0.9918779007497323,AGAP002859 AGAP002862 AGAP013128 AGAP002863 AGAP002864 AGAP002865 AGAP002866 AGAP002867 AGAP002868
H12/CMS/3/1,CMS,CMS,Cameroon *An. gambiae*,,,H12,3,1,28600000,3R,28600000,28580000,3R,28580000,28620000,3R,28620000,28200001,3R,28200001,28900000,3R,28900000,1410.9056396484375,898.5628051757812,590.0762329101562,590.0762329101562,0.4847471074380165,1.0,AGAP009189 AGAP009190 AGAP009191 AGAP009192 AGAP009193 AGAP009194 AGAP009195 AGAP009196 AGAP009197 AGAP009198 AGAP009199 AGAP009200
H12/UGS/2/2,UGS,UGS,Uganda *An. gambiae*,,,H12,2,2,64380000,2L,2834895,63360000,2L,1814895,64640000,2L,3094895,59980001,2R,59980001,65825105,2L,4280000,1377.707275390625,825.6497192382812,575.5603637695312,575.5603637695312,0.9616363464982562,1.0,AGAP004695 AGAP004696 AGAP004698 AGAP004699 AGAP004700 AGAP004701 AGAP028436 AGAP004702 AGAP004703 AGAP004704 AGAP028437 AGAP004706 AGAP004707 AGAP004708 AGAP004709 AGAP004710 AGAP004711 AGAP004712 AGAP004713 AGAP004714 AGAP004715 AGAP004716 AGAP004717 AGAP004718 AGAP004719 AGAP004720 AGAP004721 AGAP004722 AGAP004723 AGAP004724 AGAP004725 AGAP004726 AGAP004727 AGAP004728 AGAP004729 AGAP004730 AGAP004731 AGAP029113 AGAP004733 AGAP004735 AGAP004736 AGAP004737 AGAP004738 AGAP004739 AGAP004740 AGAP004741 AGAP004742 AGAP004743 AGAP004744 AGAP004745 AGAP004746 AGAP004747 AGAP004748 AGAP004749 AGAP004750 AGAP004751 AGAP004752 AGAP004753 AGAP004754 AGAP004755 AGAP004756 AGAP013546 AGAP004757 AGAP004758 AGAP004759 AGAP004760
H12/BFM/X/1,BFM,BFM,Burkina Faso *An. coluzzii*,,,H12,X,1,15200000,X,15200000,15100000,X,15100000,15300000,X,15300000,14720001,X,14720001,15980000,X,15980000,1267.7972412109375,671.968017578125,615.0950927734375,615.0950927734375,0.9259641873278238,0.9999553810458682,AGAP012997 AGAP000818 AGAP000819 AGAP000820
H12/UGS/2/3,UGS,UGS,Uganda *An. gambiae*,,,H12,2,3,95660000,2L,34114895,95620000,2L,34074895,95680000,2L,34134895,95225106,2L,33680001,95965105,2L,34420000,1193.1490478515625,603.03369140625,647.5289306640625,603.03369140625,0.4131397869733245,0.9809889325240986,AGAP006540 AGAP006541 AGAP006542 AGAP006543 AGAP028608 AGAP006546 AGAP006547 AGAP006548 AGAP006549 AGAP006550 AGAP006551 AGAP006552 AGAP006553 AGAP006554 AGAP006555 AGAP006556 AGAP006557 AGAP006558
XPEHH/BFS.GWA/3/1,BFS.GWA,BFS,Burkina Faso *An. gambiae*,GWA,Guinea Bissau,XPEHH,3,1,28560000,3R,28560000,28500000,3R,28500000,28620000,3R,28620000,28200794,3R,28200794,28899044,3R,28899044,1181.69580078125,635.990234375,568.0111694335938,568.0111694335938,13.095906445616379,1.0,AGAP009185 AGAP009187 AGAP009188 AGAP009189 AGAP009190 AGAP009191 AGAP009192 AGAP009193 AGAP009194 AGAP009195 AGAP009196 AGAP009197 AGAP009198 AGAP009199 AGAP009200
H12/BFM/2/2,BFM,BFM,Burkina Faso *An. coluzzii*,,,H12,2,2,87020000,2L,25474895,86980000,2L,25434895,87040000,2L,25494895,86465106,2L,24920001,87245105,2L,25700000,1172.9874267578125,591.9132080078125,637.723388671875,591.9132080078125,0.3838479311069104,0.9836694627877922,AGAP006029 AGAP006030 AGAP006031 AGAP006032 AGAP006033 AGAP006034
IHS/BFS/2/1,BFS,BFS,Burkina Faso *An. gambiae*,,,IHS,2,1,28400000,2R,28400000,28260000,2R,28260000,28540000,2R,28540000,27065953,2R,27065953,31000874,2R,31000874,1164.2958984375,583.5235595703125,534.8052978515625,534.8052978515625,5.693907704677348,0.9909420289855072,AGAP002845 AGAP002846 AGAP013388 AGAP002847 AGAP002848 AGAP002849 AGAP002850 AGAP002851 AGAP002852 AGAP002853 AGAP002854 AGAP002855 AGAP002856 AGAP013529 AGAP013314 AGAP002857 AGAP002858 AGAP002859 AGAP002862 AGAP013128 AGAP002863 AGAP002864 AGAP002865 AGAP002866 AGAP002867 AGAP002868 AGAP002869 AGAP002870 AGAP013202 AGAP000586 AGAP002872 AGAP002873
H12/CMS/2/1,CMS,CMS,Cameroon *An. gambiae*,,,H12,2,1,28500000,2R,28500000,28460000,2R,28460000,28560000,2R,28560000,27900001,2R,27900001,29180000,2R,29180000,1124.6805419921875,584.559326171875,569.3338012695312,569.3338012695312,0.3750479338842975,0.9995538104586829,AGAP002859 AGAP002862 AGAP013128 AGAP002863 AGAP002864 AGAP002865 AGAP002866 AGAP002867 AGAP002868 AGAP002869 AGAP002870 AGAP013202 AGAP000586 AGAP002872 AGAP002873 AGAP013069 AGAP002874
H12/GNS/2/2,GNS,GNS,Guinea *An. gambiae*,,,H12,2,2,28440000,2R,28440000,28420000,2R,28420000,28460000,2R,28460000,28220001,2R,28220001,28920000,2R,28920000,1073.009765625,544.3292846679688,560.8719482421875,544.3292846679688,0.4011446409989594,0.98465107977869,AGAP002859
H12/BFS/3/1,BFS,BFS,Burkina Faso *An. gambiae*,,,H12,3,1,28540000,3R,28540000,28520000,3R,28520000,28580000,3R,28580000,28220001,3R,28220001,28920000,3R,28920000,995.216552734375,655.3048095703125,424.8000793457031,424.8000793457031,0.4167809785093736,0.9836694627877922,AGAP009185 AGAP009187 AGAP009188 AGAP009189
H12/BFS/2/2,BFS,BFS,Burkina Faso *An. gambiae*,,,H12,2,2,28460000,2R,28460000,28440000,2R,28440000,28480000,2R,28480000,28260001,2R,28260001,28780000,2R,28780000,976.5986328125,460.8165283203125,566.993896484375,460.8165283203125,0.42546867855509823,0.9838479386043191,AGAP002859
H12/GNS/3/1,GNS,GNS,Guinea *An. gambiae*,,,H12,3,1,28500000,3R,28500000,28480000,3R,28480000,28540000,3R,28540000,28200001,3R,28200001,28960000,3R,28960000,954.0079345703125,566.7900390625,437.0626220703125,437.0626220703125,0.3168574401664932,0.9817954667142602,AGAP009184
XPEHH/BFS.GWA/2/1,BFS.GWA,BFS,Burkina Faso *An. gambiae*,GWA,Guinea Bissau,XPEHH,2,1,64680000,2L,3134895,63780000,2L,2234895,64820000,2L,3274895,57535698,2R,57535698,65652127,2L,4107022,938.0388793945312,425.1985778808594,483.6202392578125,425.1985778808594,8.95357242749054,0.9960714285714286,AGAP004703 AGAP004704 AGAP028437 AGAP004706 AGAP004707 AGAP004708 AGAP004709 AGAP004710 AGAP004711 AGAP004712 AGAP004713 AGAP004714 AGAP004715 AGAP004716 AGAP004717 AGAP004718 AGAP004719 AGAP004720 AGAP004721 AGAP004722 AGAP004723 AGAP004724 AGAP004725 AGAP004726 AGAP004727 AGAP004728 AGAP004729 AGAP004730 AGAP004731 AGAP029113 AGAP004733 AGAP004735 AGAP004736 AGAP004737 AGAP004738 AGAP004739 AGAP004740 AGAP004741 AGAP004742 AGAP004743 AGAP004744 AGAP004745 AGAP004746 AGAP004747 AGAP004748 AGAP004749 AGAP004750 AGAP004751 AGAP004752 AGAP004753 AGAP004754 AGAP004755 AGAP004756 AGAP013546 AGAP004757 AGAP004758 AGAP004759 AGAP004760 AGAP004761 AGAP004762 AGAP004763 AGAP004764 AGAP004765 AGAP028129 AGAP004766 AGAP004767
H12/UGS/3/1,UGS,UGS,Uganda *An. gambiae*,,,H12,3,1,28580000,3R,28580000,28560000,3R,28560000,28600000,3R,28600000,28440001,3R,28440001,28780000,3R,28780000,876.5335693359375,575.5306396484375,394.7123107910156,394.7123107910156,0.2884814779903855,0.9731345947875759,AGAP009185 AGAP009187 AGAP009188 AGAP009189 AGAP009190 AGAP009191 AGAP009192 AGAP009193 AGAP009194 AGAP009195
XPEHH/BFS.GWA/X/1,BFS.GWA,BFS,Burkina Faso *An. gambiae*,GWA,Guinea Bissau,XPEHH,X,1,15140000,X,15140000,15060000,X,15060000,15220000,X,15220000,14664301,X,14664301,15623814,X,15623814,866.2739868164062,555.5632934570312,290.76129150390625,290.76129150390625,8.785618461305027,0.995625,AGAP013424 AGAP012997
XPEHH/BFS.GWA/2/2,BFS.GWA,BFS,Burkina Faso *An. gambiae*,GWA,Guinea Bissau,XPEHH,2,2,90080000,2L,28534895,89920000,2L,28374895,90240000,2L,28694895,89115121,2L,27570016,90609401,2L,29064296,863.8973388671875,418.0241394042969,508.6549987792969,418.0241394042969,5.933209935883081,0.9803571428571428,AGAP028453 AGAP006214 AGAP006215 AGAP006216 AGAP006217 AGAP006218 AGAP006219 AGAP006220 AGAP006221 AGAP006222 AGAP006223 AGAP006224 AGAP006225 AGAP006226 AGAP006227 AGAP006228 AGAP006229 AGAP006231 AGAP006232 AGAP006233 AGAP006234 AGAP006235 AGAP006236 AGAP006237 AGAP006238 AGAP006239 AGAP006240 AGAP006241 AGAP006242 AGAP006243 AGAP029069 AGAP006244 AGAP006245 AGAP006246 AGAP006247 AGAP006248 AGAP006249 AGAP006250 AGAP006251 AGAP006252 AGAP006253 AGAP006254 AGAP006255 AGAP006256 AGAP028399 AGAP028454 AGAP006257
H12/BFS/2/3,BFS,BFS,Burkina Faso *An. gambiae*,,,H12,2,3,90100000,2L,28554895,90040000,2L,28494895,90180000,2L,28634895,89225106,2L,27680001,90545105,2L,29000000,834.51416015625,362.6702575683594,534.5357055664062,362.6702575683594,0.3915561652187167,0.9825986078886311,AGAP006219 AGAP006220 AGAP006221 AGAP006222 AGAP006223 AGAP006224 AGAP006225 AGAP006226 AGAP006227 AGAP006228 AGAP006229 AGAP006231 AGAP006232 AGAP006233 AGAP006234 AGAP006235 AGAP006236 AGAP006237 AGAP006238 AGAP006239 AGAP006240 AGAP006241 AGAP006242 AGAP006243 AGAP029069 AGAP006244 AGAP006245 AGAP006246 AGAP006247 AGAP006248 AGAP006249 AGAP006250 AGAP006251 AGAP006252 AGAP006253 AGAP006254
H12/BFS/X/1,BFS,BFS,Burkina Faso *An. gambiae*,,,H12,X,1,15200000,X,15200000,15100000,X,15100000,15240000,X,15240000,14760001,X,14760001,15660000,X,15660000,815.3848266601562,488.1016845703125,358.6147766113281,358.6147766113281,0.4943563558183284,0.985275745136534,AGAP012997
IHS/BFS/3/1,BFS,BFS,Burkina Faso *An. gambiae*,,,IHS,3,1,28000000,3R,28000000,27940000,3R,27940000,28260000,3R,28260000,26990741,3R,26990741,31999742,3R,31999742,749.1339111328125,467.5871887207031,203.4879913330078,203.4879913330078,7.907914726618005,1.0,AGAP009163 AGAP009164 AGAP028161 AGAP009165 AGAP009166 AGAP009167 AGAP009168 AGAP009170 AGAP009172 AGAP009171 AGAP009173 AGAP009174 AGAP009175 AGAP009176 AGAP009177 AGAP009178 AGAP009179 AGAP009180 AGAP009181 AGAP009182
H12/BFM/3/1,BFM,BFM,Burkina Faso *An. coluzzii*,,,H12,3,1,28600000,3R,28600000,28560000,3R,28560000,28620000,3R,28620000,28220001,3R,28220001,28800000,3R,28800000,747.17431640625,481.6705627441406,300.2926025390625,300.2926025390625,0.2768325981936568,0.9795645190076745,AGAP009185 AGAP009187 AGAP009188 AGAP009189 AGAP009190 AGAP009191 AGAP009192 AGAP009193 AGAP009194 AGAP009195 AGAP009196 AGAP009197 AGAP009198 AGAP009199 AGAP009200
XPEHH/BFS.GWA/X/2,BFS.GWA,BFS,Burkina Faso *An. gambiae*,GWA,Guinea Bissau,XPEHH,X,2,9220000,X,9220000,9200000,X,9200000,9240000,X,9240000,9093979,X,9093979,9368669,X,9368669,744.23291015625,471.06451416015625,345.05108642578125,345.05108642578125,8.450770746518254,0.9950892857142857,AGAP000519
H12/CMS/2/2,CMS,CMS,Cameroon *An. gambiae*,,,H12,2,2,64640000,2L,3094895,64600000,2L,3054895,65160000,2L,3614895,60160001,2R,60160001,66225105,2L,4680000,725.0474853515625,459.06817626953125,247.1429901123047,247.1429901123047,0.2683504132231405,0.9969659111190434,AGAP004751 AGAP004752 AGAP004753 AGAP004754 AGAP004755 AGAP004756 AGAP013546 AGAP004757 AGAP004758 AGAP004759 AGAP004760 AGAP004761 AGAP004762 AGAP004763 AGAP004764 AGAP004765 AGAP028129 AGAP004766 AGAP004767 AGAP004768 AGAP004769 AGAP004770 AGAP004771 AGAP004772 AGAP004773 AGAP004774 AGAP004775 AGAP004776 AGAP004777 AGAP004778 AGAP004780 AGAP004781 AGAP004782 AGAP004783 AGAP004784 AGAP004785 AGAP004786 AGAP004787 AGAP004788 AGAP004789 AGAP004790 AGAP004791 AGAP004792 AGAP004793 AGAP004794 AGAP004795
XPEHH/BFS.GWA/2/3,BFS.GWA,BFS,Burkina Faso *An. gambiae*,GWA,Guinea Bissau,XPEHH,2,3,28460000,2R,28460000,28420000,2R,28420000,28500000,2R,28500000,28257846,2R,28257846,28690818,2R,28690818,697.4185180664062,390.5379638671875,331.7989501953125,331.7989501953125,7.222133114241391,0.990625,AGAP002859 AGAP002862 AGAP013128 AGAP002863 AGAP002864 AGAP002865 AGAP002866 AGAP002867 AGAP002868
IHS/BFS/2/2,BFS,BFS,Burkina Faso *An. gambiae*,,,IHS,2,2,3700000,2R,3700000,3380000,2R,3380000,3900000,2R,3900000,2067270,2R,2067270,4327125,2R,4327125,635.9070434570312,262.8337097167969,414.2789306640625,262.8337097167969,5.83183167160546,0.9921014492753624,AGAP001346 AGAP001347 AGAP001348 AGAP001349 AGAP001350 AGAP001351 AGAP001352 AGAP001353 AGAP001354 AGAP001355 AGAP001356 AGAP001357 AGAP001358 AGAP001360 AGAP001361 AGAP001362 AGAP001363 AGAP001364 AGAP001365 AGAP001366 AGAP001367 AGAP001368 AGAP001369 AGAP028468 AGAP001370 AGAP001371 AGAP001372
H12/BFS/X/2,BFS,BFS,Burkina Faso *An. gambiae*,,,H12,X,2,9220000,X,9220000,9180000,X,9180000,9240000,X,9240000,9080001,X,9080001,9360000,X,9360000,563.69677734375,377.7425842285156,276.7305908203125,276.7305908203125,0.2879602257457673,0.9776905229341424,AGAP000519
IHS/BFS/2/3,BFS,BFS,Burkina Faso *An. gambiae*,,,IHS,2,3,40420000,2R,40420000,40320000,2R,40320000,40560000,2R,40560000,39139544,2R,39139544,44417753,2R,44417753,557.0863647460938,221.6761474609375,227.6932830810547,221.6761474609375,6.190527388173874,0.9945652173913043,AGAP003581 AGAP003582 AGAP003583 AGAP003584 AGAP003585 AGAP003586 AGAP013333 AGAP003587 AGAP003588 AGAP003589 AGAP003590 AGAP003591 AGAP003592 AGAP003593 AGAP003594 AGAP003595 AGAP003596 AGAP003597 AGAP003598 AGAP003599 AGAP003600 AGAP003601 AGAP003602 AGAP003603 AGAP003604 AGAP003605 AGAP003606 AGAP003607 AGAP003608 AGAP003610 AGAP003611 AGAP003612 AGAP003613 AGAP003614 AGAP013196 AGAP013432 AGAP029070 AGAP029099 AGAP029064 AGAP029085 AGAP029083 AGAP003615 AGAP003616
IHS/BFS/2/4,BFS,BFS,Burkina Faso *An. gambiae*,,,IHS,2,4,90260000,2L,28714895,90160000,2L,28614895,90360000,2L,28814895,87440148,2L,25895043,90959785,2L,29414680,554.6425170898438,134.78237915039062,377.81146240234375,134.78237915039062,7.696474015546359,0.999927536231884,AGAP006250 AGAP006251 AGAP006252 AGAP006253 AGAP006254 AGAP006255 AGAP006256 AGAP028399 AGAP028454 AGAP006257 AGAP006258 AGAP006259 AGAP006260 AGAP006261 AGAP006262 AGAP006263 AGAP006264 AGAP006265 AGAP006266 AGAP006267
H12/GAS/2/1,GAS,GAS,Gabon *An. gambiae*,,,H12,2,1,87020000,2L,25474895,87000000,2L,25454895,87060000,2L,25514895,86785106,2L,25240001,87385105,2L,25840000,529.1954956054688,210.1064453125,367.29248046875,210.1064453125,0.42857142857142855,1.0,AGAP006030 AGAP006031 AGAP006032 AGAP006033 AGAP006034 AGAP006035
H12/AOM/X/1,AOM,AOM,Angola *An. coluzzii*,,,H12,X,1,4360000,X,4360000,4340000,X,4340000,4380000,X,4380000,4200001,X,4200001,4460000,X,4460000,519.8416137695312,382.5051574707031,211.32470703125,211.32470703125,0.22319444444444445,0.9783115253629683,AGAP000232 AGAP000233
IHS/BFS/X/1,BFS,BFS,Burkina Faso *An. gambiae*,,,IHS,X,1,9360000,X,9360000,9160000,X,9160000,9680000,X,9680000,8656281,X,8656281,10603551,X,10603551,515.176025390625,323.89935302734375,229.5935516357422,229.5935516357422,6.784254293444207,0.9973913043478261,AGAP000519 AGAP000520 AGAP000521 AGAP000522 AGAP000523 AGAP000526 AGAP000528 AGAP000529 AGAP000530 AGAP000531 AGAP000532 AGAP013259 AGAP013283 AGAP000533 AGAP000534 AGAP013287 AGAP000535 AGAP028592 AGAP012976 AGAP013521 AGAP000536 AGAP000537 AGAP000538 AGAP000539 AGAP000540
H12/BFM/2/3,BFM,BFM,Burkina Faso *An. coluzzii*,,,H12,2,3,40940000,2R,40940000,40920000,2R,40920000,40960000,2R,40960000,40720001,2R,40720001,41160000,2R,41160000,512.72119140625,232.50436401367188,337.54730224609375,232.50436401367188,0.21686620457887,0.976351954310191,AGAP003643 AGAP003644 AGAP003645 AGAP013307 AGAP003646 AGAP003647 AGAP003648
IHS/BFS/3/2,BFS,BFS,Burkina Faso *An. gambiae*,,,IHS,3,2,4480000,3R,4480000,4340000,3R,4340000,4740000,3R,4740000,3551433,3R,3551433,6788348,3R,6788348,504.92657470703125,302.2616882324219,196.29611206054688,196.29611206054688,4.20436018444986,0.9570289855072464,AGAP008023 AGAP008025 AGAP013728 AGAP008026 AGAP008027 AGAP008028 AGAP028427
H12/CMS/2/3,CMS,CMS,Cameroon *An. gambiae*,,,H12,2,3,40420000,2R,40420000,40300000,2R,40300000,40740000,2R,40740000,39160001,2R,39160001,44420000,2R,44420000,501.6793212890625,245.6595916748047,165.96084594726562,165.96084594726562,0.16840991735537195,0.987149741210066,AGAP003581 AGAP003582 AGAP003583 AGAP003584 AGAP003585 AGAP003586 AGAP013333 AGAP003587 AGAP003588 AGAP003589 AGAP003590 AGAP003591 AGAP003592 AGAP003593 AGAP003594 AGAP003595 AGAP003596 AGAP003597 AGAP003598 AGAP003599 AGAP003600 AGAP003601 AGAP003602 AGAP003603 AGAP003604 AGAP003605 AGAP003606 AGAP003607 AGAP003608 AGAP003610 AGAP003611 AGAP003612 AGAP003613 AGAP003614 AGAP013196 AGAP013432 AGAP029070 AGAP029099 AGAP029064 AGAP029085 AGAP029083 AGAP003615 AGAP003616 AGAP003618 AGAP003619 AGAP003620 AGAP003621 AGAP003622 AGAP003623 AGAP003624 AGAP029110 AGAP003626 AGAP013221 AGAP012946 AGAP003627 AGAP003629 AGAP003630 AGAP003631
H12/AOM/2/1,AOM,AOM,Angola *An. coluzzii*,,,H12,2,1,8320000,2R,8320000,8280000,2R,8280000,8340000,2R,8340000,7880001,2R,7880001,8720000,2R,8720000,479.7341613769531,282.8118591308594,239.4947967529297,239.4947967529297,0.1686111111111111,0.9695285893529306,AGAP001683
H12/AOM/2/2,AOM,AOM,Angola *An. coluzzii*,,,H12,2,2,28060000,2R,28060000,28040000,2R,28040000,28080000,2R,28080000,27880001,2R,27880001,28140000,2R,28140000,478.42236328125,462.8757019042969,153.12489318847656,153.12489318847656,0.4927777777777778,0.9999551891019895,AGAP002826 AGAP002828 AGAP002829 AGAP002830
IHS/BFS/X/2,BFS,BFS,Burkina Faso *An. gambiae*,,,IHS,X,2,14760000,X,14760000,14660000,X,14660000,14980000,X,14980000,14049136,X,14049136,17551700,X,17551700,477.5613708496094,275.8783874511719,142.66885375976562,142.66885375976562,7.118598907333273,0.9989855072463768,AGAP000801 AGAP000803 AGAP000804 AGAP000805 AGAP000806 AGAP000807 AGAP000808 AGAP013022 AGAP000809 AGAP000810 AGAP000812 AGAP000813 AGAP000814 AGAP000815
H12/UGS/3/2,UGS,UGS,Uganda *An. gambiae*,,,H12,3,2,49840000,3R,49840000,49660000,3R,49660000,49880000,3R,49880000,46280001,3R,46280001,51320000,3R,51320000,427.2825012207031,151.43930053710938,192.9694061279297,151.43930053710938,0.12187765105099442,0.9332381292395573,AGAP010159 AGAP010160 AGAP010161 AGAP010162 AGAP010163 AGAP010164 AGAP010165 AGAP010166 AGAP010167 AGAP010168 AGAP010169 AGAP028032
H12/GNS/X/1,GNS,GNS,Guinea *An. gambiae*,,,H12,X,1,15020000,X,15020000,14960000,X,14960000,15160000,X,15160000,14800001,X,14800001,15700000,X,15700000,419.6955871582031,197.9913330078125,167.501953125,167.501953125,0.26222684703433924,0.9782705693378547,AGAP000817 AGAP000816 AGAP013474 AGAP013173 AGAP013424
H12/AOM/2/3,AOM,AOM,Angola *An. coluzzii*,,,H12,2,3,86800000,2L,25254895,86760000,2L,25214895,86880000,2L,25334895,86485106,2L,24940001,88045105,2L,26500000,398.976318359375,177.51670837402344,203.86886596679688,177.51670837402344,0.12347222222222222,0.9568022943179781,AGAP006027
H12/AOM/2/4,AOM,AOM,Angola *An. coluzzii*,,,H12,2,4,58760000,2R,58760000,58660000,2R,58660000,59200000,2R,59200000,56760001,2R,56760001,66445105,2L,4900000,395.0581359863281,185.8831787109375,170.16915893554688,170.16915893554688,0.447638888888889,0.999775945509948,AGAP004630 AGAP004631 AGAP004632 AGAP004633 AGAP004634 AGAP004635 AGAP013218 AGAP004636 AGAP004637 AGAP013117 AGAP004638 AGAP004639 AGAP004640 AGAP013302 AGAP004641 AGAP004642 AGAP013063 AGAP004643 AGAP004644 AGAP004645
H12/BFS/2/4,BFS,BFS,Burkina Faso *An. gambiae*,,,H12,2,4,40820000,2R,40820000,40640000,2R,40640000,41060000,2R,41060000,40300001,2R,40300001,41800000,2R,41800000,384.3172607421875,230.70791625976562,155.64698791503906,155.64698791503906,0.15614997713763146,0.958950562198822,AGAP003624 AGAP029110 AGAP003626 AGAP013221 AGAP012946 AGAP003627 AGAP003629 AGAP003630 AGAP003631 AGAP003632 AGAP003633 AGAP003635 AGAP003636 AGAP003638 AGAP003639 AGAP003640 AGAP003641 AGAP003642 AGAP003643 AGAP003644 AGAP003645 AGAP013307 AGAP003646 AGAP003647 AGAP003648 AGAP003649 AGAP003650 AGAP003651 AGAP012992 AGAP013502 AGAP003652
H12/GWA/2/1,GWA,GWA,Guinea Bissau,,,H12,2,1,93520000,2L,31974895,93500000,2L,31954895,93540000,2L,31994895,93365106,2L,31820001,93625105,2L,32080000,382.0169677734375,253.6887664794922,184.43748474121094,184.43748474121094,0.29300567107750464,0.9921024451186864,AGAP006439 AGAP006440
H12/GWA/2/2,GWA,GWA,Guinea Bissau,,,H12,2,2,47780000,2R,47780000,47740000,2R,47740000,47800000,2R,47800000,47620001,2R,47620001,48120000,2R,48120000,380.5074157714844,194.8421630859375,217.92852783203125,194.8421630859375,0.27055765595463144,0.9889791183294664,AGAP004000
H12/BFS/2/5,BFS,BFS,Burkina Faso *An. gambiae*,,,H12,2,5,87020000,2L,25474895,87000000,2L,25454895,87080000,2L,25534895,86525106,2L,24980001,87365105,2L,25820000,375.93853759765625,257.57293701171875,152.7975311279297,152.7975311279297,0.1641061927525776,0.9612707478136713,AGAP006030 AGAP006031 AGAP006032 AGAP006033 AGAP006034 AGAP006035 AGAP006036 AGAP006037 AGAP006038 AGAP006039
H12/BFM/2/4,BFM,BFM,Burkina Faso *An. coluzzii*,,,H12,2,4,28480000,2R,28480000,28420000,2R,28420000,28520000,2R,28520000,28080001,2R,28080001,28820000,2R,28820000,366.3493347167969,146.18533325195312,315.92047119140625,146.18533325195312,0.41430371770636415,0.9847403176869535,AGAP002859 AGAP002862 AGAP013128 AGAP002863 AGAP002864 AGAP002865 AGAP002866 AGAP002867 AGAP002868 AGAP002869 AGAP002870 AGAP013202
H12/UGS/X/1,UGS,UGS,Uganda *An. gambiae*,,,H12,X,1,15440000,X,15440000,15160000,X,15160000,15480000,X,15480000,14700001,X,14700001,16240000,X,16240000,348.06201171875,311.2931213378906,126.0838394165039,126.0838394165039,0.15138090300688095,0.9485005355230275,AGAP012997 AGAP000818 AGAP000819 AGAP000820 AGAP000821 AGAP000822 AGAP000823 AGAP000824 AGAP000825 AGAP000826 AGAP000829 AGAP000830 AGAP000831 AGAP000832 AGAP000833 AGAP000834 AGAP000835 AGAP028655 AGAP013506
H12/GNS/2/4,GNS,GNS,Guinea *An. gambiae*,,,H12,2,4,87200000,2L,25654895,87080000,2L,25534895,87360000,2L,25814895,86545106,2L,25000001,88045105,2L,26500000,332.0888366699219,230.5127716064453,149.09718322753906,149.09718322753906,0.2585847912832835,0.9777351418882742,AGAP006038 AGAP006040 AGAP006041 AGAP006042 AGAP029130 AGAP029102 AGAP006045 AGAP006046 AGAP006047 AGAP006048 AGAP006049 AGAP006050 AGAP006051 AGAP006052 AGAP006053 AGAP006054 AGAP006055 AGAP006056 AGAP006057 AGAP006058 AGAP006059
H12/CMS/3/2,CMS,CMS,Cameroon *An. gambiae*,,,H12,3,2,80100000,3L,26899316,80080000,3L,26879316,80120000,3L,26919316,79980685,3L,26780001,80240684,3L,27040000,328.35345458984375,304.18896484375,146.10305786132812,146.10305786132812,0.0651900826446281,0.8918882741388542,AGAP011532 AGAP011533 AGAP011534 AGAP011535 AGAP011536 AGAP011537
H12/GAS/2/2,GAS,GAS,Gabon *An. gambiae*,,,H12,2,2,64440000,2L,2894895,64280000,2L,2734895,64640000,2L,3094895,63365106,2L,1820001,65685105,2L,4140000,325.8609313964844,157.28118896484375,157.57217407226562,157.28118896484375,0.3228635204081632,0.997933698679364,AGAP004720 AGAP004721 AGAP004722 AGAP004723 AGAP004724 AGAP004725 AGAP004726 AGAP004727 AGAP004728 AGAP004729 AGAP004730 AGAP004731 AGAP029113 AGAP004733 AGAP004735 AGAP004736 AGAP004737 AGAP004738 AGAP004739 AGAP004740 AGAP004741 AGAP004742 AGAP004743 AGAP004744 AGAP004745 AGAP004746 AGAP004747 AGAP004748 AGAP004749 AGAP004750 AGAP004751 AGAP004752 AGAP004753 AGAP004754 AGAP004755 AGAP004756 AGAP013546 AGAP004757 AGAP004758 AGAP004759 AGAP004760
H12/GNS/2/3,GNS,GNS,Guinea *An. gambiae*,,,H12,2,3,90200000,2L,28654895,89980000,2L,28434895,90380000,2L,28834895,89265106,2L,27720001,90625105,2L,29080000,301.46240234375,74.33797454833984,172.52967834472656,74.33797454833984,0.34599375650364195,0.9832232732464751,AGAP028453 AGAP006214 AGAP006215 AGAP006216 AGAP006217 AGAP006218 AGAP006219 AGAP006220 AGAP006221 AGAP006222 AGAP006223 AGAP006224 AGAP006225 AGAP006226 AGAP006227 AGAP006228 AGAP006229 AGAP006231 AGAP006232 AGAP006233 AGAP006234 AGAP006235 AGAP006236 AGAP006237 AGAP006238 AGAP006239 AGAP006240 AGAP006241 AGAP006242 AGAP006243 AGAP029069 AGAP006244 AGAP006245 AGAP006246 AGAP006247 AGAP006248 AGAP006249 AGAP006250 AGAP006251 AGAP006252 AGAP006253 AGAP006254 AGAP006255 AGAP006256 AGAP028399 AGAP028454 AGAP006257 AGAP006258 AGAP006259 AGAP006260 AGAP006261 AGAP006262 AGAP006263 AGAP006264 AGAP006265 AGAP006266 AGAP006267 AGAP006268
IHS/BFS/3/5,BFS,BFS,Burkina Faso *An. gambiae*,,,IHS,3,5,18860000,3R,18860000,18760000,3R,18760000,18920000,3R,18920000,18471740,3R,18471740,19097017,3R,19097017,297.9423522949219,152.7873077392578,177.34375,152.7873077392578,3.5658439734218246,0.9040579710144927,AGAP008824 AGAP008825
H12/UGS/3/3,UGS,UGS,Uganda *An. gambiae*,,,H12,3,3,44680000,3R,44680000,44380000,3R,44380000,45140000,3R,45140000,38920001,3R,38920001,46020000,3R,46020000,292.54022216796875,153.2188720703125,134.10769653320312,134.10769653320312,0.15392591196154207,0.9496162084969654,AGAP009859 AGAP009860 AGAP009861 AGAP009862 AGAP009863 AGAP009864 AGAP009865 AGAP009866 AGAP009867 AGAP009868 AGAP009869 AGAP009870 AGAP009871 AGAP009872 AGAP009873 AGAP028422 AGAP009874 AGAP009875 AGAP009876 AGAP009877 AGAP009878 AGAP009879 AGAP009880 AGAP009881 AGAP009882 AGAP009883 AGAP009884 AGAP009885 AGAP009886 AGAP009887 AGAP009888 AGAP009889 AGAP009890 AGAP009891 AGAP009893 AGAP028648 AGAP009896 AGAP009897 AGAP009898 AGAP009899
H12/BFS/3/2,BFS,BFS,Burkina Faso *An. gambiae*,,,H12,3,2,80160000,3L,26959316,80080000,3L,26879316,80180000,3L,26979316,79920685,3L,26720001,80240684,3L,27040000,291.6028137207031,199.59703063964844,168.3108367919922,168.3108367919922,0.09625057155921354,0.9270480099946458,AGAP011532 AGAP011533 AGAP011534 AGAP011535 AGAP011536 AGAP011537 AGAP028430 AGAP011538 AGAP011539 AGAP011540 AGAP011541 AGAP011542
H12/AOM/2/5,AOM,AOM,Angola *An. coluzzii*,,,H12,2,5,95000000,2L,33454895,94980000,2L,33434895,95060000,2L,33514895,94765106,2L,33220001,95945105,2L,34400000,290.3117370605469,224.5517120361328,123.83867645263672,123.83867645263672,0.15736111111111112,0.9672880444524108,AGAP006514
H12/BFM/2/5,BFM,BFM,Burkina Faso *An. coluzzii*,,,H12,2,5,24880000,2R,24880000,24860000,2R,24860000,24900000,2R,24900000,24620001,2R,24620001,24940000,2R,24940000,267.85986328125,240.81130981445312,61.99937057495117,61.99937057495117,0.42144492784786497,0.9849187935034803,AGAP013517 AGAP013086 AGAP013456 AGAP013225 AGAP013322 AGAP013353 AGAP013110 AGAP013484 AGAP013247 AGAP013316 AGAP002641 AGAP002642
H12/BFM/3/2,BFM,BFM,Burkina Faso *An. coluzzii*,,,H12,3,2,64380000,3L,11179316,64360000,3L,11159316,64400000,3L,11199316,64280685,3L,11080001,64800684,3L,11600000,267.61627197265625,300.34588623046875,148.49618530273438,148.49618530273438,0.7826086956521741,0.9967874353025165,AGAP010813 AGAP010814
H12/BFS/X/3,BFS,BFS,Burkina Faso *An. gambiae*,,,H12,X,3,9700000,X,9700000,9660000,X,9660000,9760000,X,9760000,9460001,X,9460001,10020000,X,10020000,267.4947509765625,91.80987548828125,264.1707763671875,91.80987548828125,0.08828271703461496,0.9157594145993218,AGAP000540 AGAP000541 AGAP013055
IHS/BFS/2/5,BFS,BFS,Burkina Faso *An. gambiae*,,,IHS,2,5,87100000,2L,25554895,86980000,2L,25434895,87160000,2L,25614895,85762660,2L,24217555,87440147,2L,25895042,256.8748474121094,183.57223510742188,92.51747131347656,92.51747131347656,6.1341161928896355,0.9984057971014493,AGAP006029 AGAP006030 AGAP006031 AGAP006032 AGAP006033 AGAP006034 AGAP006035 AGAP006036 AGAP006037 AGAP006038 AGAP006039 AGAP006040 AGAP006041 AGAP006042 AGAP029130 AGAP029102 AGAP006045
H12/GNS/3/2,GNS,GNS,Guinea *An. gambiae*,,,H12,3,2,4860000,3R,4860000,4600000,3R,4600000,5060000,3R,5060000,4020001,3R,4020001,5440000,3R,5440000,253.0209503173828,170.4139404296875,96.83134460449219,96.83134460449219,0.06399583766909467,0.7723540960199893,AGAP028427 AGAP008033 AGAP013760 AGAP008034 AGAP008035 AGAP008036 AGAP008037 AGAP008039 AGAP008040 AGAP008041 AGAP008042 AGAP008043 AGAP008044 AGAP008045 AGAP013736 AGAP008046 AGAP013713 AGAP008047 AGAP008048 AGAP008049 AGAP008050 AGAP008051 AGAP008052 AGAP008053 AGAP008054 AGAP008055 AGAP008056 AGAP029127 AGAP008059 AGAP008060 AGAP008061 AGAP008062 AGAP008063 AGAP008064 AGAP008065 AGAP013757 AGAP008067 AGAP028713 AGAP028712 AGAP028714 AGAP028715
H12/GAS/3/1,GAS,GAS,Gabon *An. gambiae*,,,H12,3,1,63340000,3L,10139316,62840000,3L,9639316,63400000,3L,10199316,62160685,3L,8960001,63640684,3L,10440000,244.95201110839844,193.28805541992188,63.945335388183594,63.945335388183594,0.09167729591836736,0.9270954990566885,AGAP010744 AGAP010745 AGAP010746 AGAP010748 AGAP010750 AGAP010751 AGAP010752 AGAP010753 AGAP010754 AGAP010755 AGAP010756 AGAP010757 AGAP010758 AGAP010759 AGAP010760 AGAP010761 AGAP010762 AGAP010763 AGAP010764 AGAP010765 AGAP010766 AGAP010767 AGAP010768 AGAP010769 AGAP010770 AGAP010771 AGAP010772 AGAP010773 AGAP010774 AGAP010775 AGAP010776 AGAP010777
H12/AOM/X/2,AOM,AOM,Angola *An. coluzzii*,,,H12,X,2,14580000,X,14580000,14500000,X,14500000,14600000,X,14600000,13720001,X,13720001,18060000,X,18060000,243.3634796142578,124.87346649169922,48.282588958740234,48.282588958740234,0.14722222222222225,0.9643305251837246,AGAP000795 AGAP000797
H12/GAS/X/1,GAS,GAS,Gabon *An. gambiae*,,,H12,X,1,14300000,X,14300000,13920000,X,13920000,14440000,X,14440000,12060001,X,12060001,16920000,X,16920000,243.03179931640625,115.0246810913086,145.76446533203125,115.0246810913086,0.4280931122448979,0.9998652412182194,AGAP000776 AGAP000777 AGAP000778 AGAP000779 AGAP000780 AGAP000781 AGAP000782 AGAP000783 AGAP000784 AGAP000785 AGAP000786 AGAP000787 AGAP000788 AGAP013147 AGAP000789 AGAP000790 AGAP000791 AGAP000792 AGAP000793
H12/AOM/2/6,AOM,AOM,Angola *An. coluzzii*,,,H12,2,6,28460000,2R,28460000,28440000,2R,28440000,28480000,2R,28480000,28380001,2R,28380001,28660000,2R,28660000,235.83450317382812,84.95575714111328,218.55836486816406,84.95575714111328,0.224161186264046,0.9784011471589891,AGAP002859
IHS/BFS/3/3,BFS,BFS,Burkina Faso *An. gambiae*,,,IHS,3,3,32760000,3R,32760000,32440000,3R,32440000,32880000,3R,32880000,31397341,3R,31397341,33325993,3R,33325993,235.3319091796875,118.46124267578125,101.59402465820312,101.59402465820312,4.548962846153286,0.9694927536231884,AGAP009416 AGAP009417 AGAP009418 AGAP009419 AGAP009420 AGAP009424
H12/GNS/3/3,GNS,GNS,Guinea *An. gambiae*,,,H12,3,3,80160000,3L,26959316,80140000,3L,26939316,80180000,3L,26979316,79940685,3L,26740001,80240684,3L,27040000,229.50906372070312,168.50379943847656,163.05636596679688,163.05636596679688,0.14776274713839752,0.9442263073353561,AGAP011538 AGAP011539 AGAP011540 AGAP011541 AGAP011542
H12/AOM/2/7,AOM,AOM,Angola *An. coluzzii*,,,H12,2,7,34120000,2R,34120000,34040000,2R,34040000,34220000,2R,34220000,33580001,2R,33580001,36260000,2R,36260000,222.36746215820312,138.12039184570312,93.95565795898438,93.95565795898438,0.13472222222222222,0.9611937623229969,AGAP003226 AGAP003227 AGAP003228 AGAP003229 AGAP003230 AGAP003231 AGAP003232 AGAP013304 AGAP003233
IHS/BFS/2/7,BFS,BFS,Burkina Faso *An. gambiae*,,,IHS,2,7,103880000,2L,42334895,103860000,2L,42314895,104000000,2L,42454895,103790887,2L,42245782,104234101,2L,42688996,222.01544189453125,43.25383377075195,192.74151611328125,43.25383377075195,4.167865977875988,0.9549275362318841,AGAP007086 AGAP007087 AGAP007088 AGAP007089 AGAP007090
IHS/BFS/2/6,BFS,BFS,Burkina Faso *An. gambiae*,,,IHS,2,6,107640000,2L,46094895,107580000,2L,46034895,107760000,2L,46214895,107136879,2L,45591774,107916208,2L,46371103,221.4778594970703,81.72238159179688,172.7732696533203,81.72238159179688,4.305231530395387,0.9617391304347827,AGAP007358 AGAP007359 AGAP007361 AGAP007362 AGAP007363 AGAP007364 AGAP007365 AGAP007366 AGAP007367 AGAP007368 AGAP007369 AGAP007370 AGAP007371 AGAP007372 AGAP007373 AGAP007374 AGAP007375 AGAP013291 AGAP007376 AGAP007377 AGAP007378 AGAP013544 AGAP007379 AGAP007380 AGAP007381 AGAP007382
H12/BFM/X/2,BFM,BFM,Burkina Faso *An. coluzzii*,,,H12,X,2,9240000,X,9240000,9220000,X,9220000,9260000,X,9260000,9080001,X,9080001,9340000,X,9340000,221.38729858398438,161.6741180419922,129.89097595214844,129.89097595214844,0.17343893480257114,0.9692129216491165,AGAP000519
H12/UGS/3/4,UGS,UGS,Uganda *An. gambiae*,,,H12,3,4,18860000,3R,18860000,18780000,3R,18780000,19000000,3R,19000000,18460001,3R,18460001,19200000,3R,19200000,210.17437744140625,89.44699096679688,148.4639434814453,89.44699096679688,0.03892921104722405,0.7239378793288112,AGAP008824 AGAP008825 AGAP008826
H12/GWA/2/3,GWA,GWA,Guinea Bissau,,,H12,2,3,72820000,2L,11274895,72780000,2L,11234895,72880000,2L,11334895,72645106,2L,11100001,73165105,2L,11620000,208.12249755859375,101.06925201416016,130.36708068847656,101.06925201416016,0.22991493383742906,0.9811708013564162,AGAP005165 AGAP005169 AGAP005170
H12/UGS/3/5,UGS,UGS,Uganda *An. gambiae*,,,H12,3,5,36700000,3R,36700000,36460000,3R,36460000,37520000,3R,37520000,35500001,3R,35500001,39280000,3R,39280000,206.06512451171875,145.17698669433594,101.76362609863281,101.76362609863281,0.13370722971062302,0.9397536594073546,AGAP009578 AGAP009579 AGAP009580 AGAP009581 AGAP009582 AGAP009583 AGAP009584 AGAP009585 AGAP009586 AGAP009587 AGAP009588 AGAP009589 AGAP009590 AGAP009591 AGAP009592 AGAP009593 AGAP009594 AGAP009595 AGAP009596 AGAP009597 AGAP028570 AGAP009598 AGAP009599 AGAP009600 AGAP009601 AGAP009602 AGAP009603 AGAP009604 AGAP009605 AGAP009606 AGAP009607 AGAP009608 AGAP009609 AGAP009610 AGAP009611 AGAP009612 AGAP009613 AGAP009614 AGAP009615 AGAP009616 AGAP009617 AGAP009618 AGAP009619 AGAP009620 AGAP009621 AGAP009622 AGAP009623 AGAP009624 AGAP009625 AGAP009626 AGAP009627 AGAP009628 AGAP009629 AGAP028743 AGAP028742 AGAP009631 AGAP009632 AGAP009633 AGAP009634 AGAP009635 AGAP028571 AGAP009636 AGAP009637 AGAP009638 AGAP009639 AGAP009640 AGAP009641 AGAP009642 AGAP009643 AGAP009644 AGAP009645
XPEHH/BFS.GWA/2/4,BFS.GWA,BFS,Burkina Faso *An. gambiae*,GWA,Guinea Bissau,XPEHH,2,4,66660000,2L,5114895,66460000,2L,4914895,66780000,2L,5234895,66277699,2L,4732594,67040637,2L,5495532,205.0572509765625,122.83805084228516,44.792213439941406,44.792213439941406,3.98588617101073,0.934375,AGAP004881 AGAP004882 AGAP004883 AGAP004884 AGAP004885 AGAP004886 AGAP004887 AGAP004888 AGAP004889 AGAP004890 AGAP004891 AGAP004892 AGAP004893
IHS/BFS/3/4,BFS,BFS,Burkina Faso *An. gambiae*,,,IHS,3,4,20860000,3R,20860000,20800000,3R,20800000,20920000,3R,20920000,20576407,3R,20576407,20988614,3R,20988614,199.136962890625,86.212158203125,157.61451721191406,86.212158203125,3.7735759784785476,0.9284782608695652,AGAP008918 AGAP028004 AGAP008919
XPEHH/BFS.GWA/2/5,BFS.GWA,BFS,Burkina Faso *An. gambiae*,GWA,Guinea Bissau,XPEHH,2,5,40800000,2R,40800000,40780000,2R,40780000,40820000,2R,40820000,40674338,2R,40674338,41311925,2R,41311925,195.5294952392578,74.80551147460938,114.80901336669922,74.80551147460938,4.134608657617386,0.9398214285714286,AGAP003632 AGAP003633 AGAP003635 AGAP003636
IHS/BFS/3/6,BFS,BFS,Burkina Faso *An. gambiae*,,,IHS,3,6,80140000,3L,26939316,80120000,3L,26919316,80160000,3L,26959316,79994142,3L,26793458,80257029,3L,27056345,187.17933654785156,138.46429443359375,116.17515563964844,116.17515563964844,4.419710186451849,0.966304347826087,AGAP011537 AGAP028430 AGAP011538 AGAP011539 AGAP011540 AGAP011541
H12/AOM/X/3,AOM,AOM,Angola *An. coluzzii*,,,H12,X,3,19340000,X,19340000,19300000,X,19300000,19520000,X,19520000,17120001,X,17120001,22080000,X,22080000,183.7895050048828,138.0339813232422,60.61247634887695,60.61247634887695,0.14972222222222226,0.9647786341638287,AGAP001011 AGAP001012 AGAP001013 AGAP001014 AGAP001015
H12/AOM/3/1,AOM,AOM,Angola *An. coluzzii*,,,H12,3,1,58880000,3L,5679316,58840000,3L,5639316,59020000,3L,5819316,58340685,3L,5140001,61060684,3L,7860000,173.09246826171875,31.35524559020996,97.99109649658203,31.35524559020996,0.0997222222222222,0.9425524287506721,AGAP010530 AGAP010531 AGAP010534 AGAP010535 AGAP010536
H12/AOM/3/2,AOM,AOM,Angola *An. coluzzii*,,,H12,3,2,75640000,3L,22439316,75560000,3L,22359316,75740000,3L,22539316,75340685,3L,22140001,76120684,3L,22920000,169.3885040283203,71.67102813720703,107.87505340576172,71.67102813720703,0.0601388888888889,0.872737049650475,AGAP011374 AGAP011375 AGAP011376 AGAP011377
H12/GWA/3/1,GWA,GWA,Guinea Bissau,,,H12,3,1,49580000,3R,49580000,49480000,3R,49480000,49620000,3R,49620000,48800001,3R,48800001,49780000,3R,49780000,165.8223114013672,102.28837585449219,60.80830764770508,60.80830764770508,0.14106805293005673,0.9383366053899697,AGAP010147 AGAP010148 AGAP010149 AGAP010150 AGAP010151 AGAP010152 AGAP010155 AGAP013739 AGAP010156 AGAP013762 AGAP010157 AGAP010158
H12/BFM/3/3,BFM,BFM,Burkina Faso *An. coluzzii*,,,H12,3,3,52880000,3R,52880000,52600000,3R,52600000,53080000,3R,53080000,51580001,3R,51580001,57780684,3L,4580000,153.72381591796875,99.12590026855469,37.941993713378906,37.941993713378906,0.1904011762234825,0.972603962163127,AGAP010297 AGAP010298 AGAP010299 AGAP010300 AGAP010301 AGAP010302 AGAP010303 AGAP010304 AGAP010305 AGAP010306 AGAP010307
H12/GWA/2/6,GWA,GWA,Guinea Bissau,,,H12,2,6,11200000,2R,11200000,11120000,2R,11120000,11240000,2R,11240000,10800001,2R,10800001,11360000,2R,11360000,151.10121154785156,91.1224136352539,87.28116607666016,87.28116607666016,0.43289224952741023,0.9991076209173657,AGAP001826
IHS/BFS/3/7,BFS,BFS,Burkina Faso *An. gambiae*,,,IHS,3,7,42840000,3R,42840000,42540000,3R,42540000,42980000,3R,42980000,40532993,3R,40532993,46837720,3R,46837720,141.70262145996094,62.27509307861328,39.92979049682617,39.92979049682617,4.358325866988765,0.9637681159420289,AGAP009768 AGAP009769 AGAP009770 AGAP009771 AGAP009772 AGAP009773 AGAP009774
XPEHH/BFS.GWA/2/6,BFS.GWA,BFS,Burkina Faso *An. gambiae*,GWA,Guinea Bissau,XPEHH,2,6,87000000,2L,25454895,86980000,2L,25434895,87020000,2L,25474895,86832194,2L,25287089,87081129,2L,25536024,138.1406707763672,127.39912414550781,93.69171905517578,93.69171905517578,4.58614913390959,0.9533928571428572,AGAP006029 AGAP006030 AGAP006031 AGAP006032 AGAP006033 AGAP006034
H12/AOM/3/3,AOM,AOM,Angola *An. coluzzii*,,,H12,3,3,70940000,3L,17739316,70920000,3L,17719316,70960000,3L,17759316,70860685,3L,17660001,71160684,3L,17960000,135.92433166503906,49.66668701171875,121.1629409790039,49.66668701171875,0.08180555555555556,0.9230148772181395,AGAP011134
IHS/BFS/2/8,BFS,BFS,Burkina Faso *An. gambiae*,,,IHS,2,8,98880000,2L,37334895,98820000,2L,37274895,99140000,2L,37594895,98343543,2L,36798438,101020212,2L,39475107,126.5609359741211,74.45914459228516,33.111995697021484,33.111995697021484,3.982244851831538,0.9450724637681159,AGAP006723 AGAP006724 AGAP006725 AGAP006726 AGAP006727 AGAP006728 AGAP006729 AGAP006730 AGAP006731 AGAP006732 AGAP006733 AGAP006734 AGAP006735 AGAP006736 AGAP028461 AGAP006737
H12/GWA/2/4,GWA,GWA,Guinea Bissau,,,H12,2,4,29520000,2R,29520000,29400000,2R,29400000,29640000,2R,29640000,27940001,2R,27940001,30480000,2R,30480000,124.75532531738281,63.54037094116211,86.34146118164062,63.54037094116211,0.4043005671077505,0.9982598607888631,AGAP002916 AGAP002917 AGAP002918 AGAP002919 AGAP002920 AGAP002921 AGAP002922 AGAP002923 AGAP002924
H12/AOM/2/8,AOM,AOM,Angola *An. coluzzii*,,,H12,2,8,48140000,2R,48140000,48120000,2R,48120000,48160000,2R,48160000,48000001,2R,48000001,48780000,2R,48780000,124.6006851196289,42.497779846191406,70.4355697631836,42.497779846191406,0.17555555555555552,0.9708729162932426,AGAP004033
H12/GAS/2/3,GAS,GAS,Gabon *An. gambiae*,,,H12,2,3,76300000,2L,14754895,76240000,2L,14694895,76360000,2L,14814895,75445106,2L,13900001,79545105,2L,18000000,121.93817901611328,120.85904693603516,39.27518844604492,39.27518844604492,0.19371811224489796,0.9878717096397449,AGAP005369 AGAP005370 AGAP005371 AGAP005372 AGAP005373 AGAP005374 AGAP005375 AGAP005376 AGAP005377 AGAP005378
H12/UGS/2/4,UGS,UGS,Uganda *An. gambiae*,,,H12,2,4,51060000,2R,51060000,51020000,2R,51020000,51120000,2R,51120000,49060001,2R,49060001,52780000,2R,52780000,117.17477416992188,64.53267669677734,64.93843078613281,64.53267669677734,0.1473748703930625,0.9468047126026419,AGAP004167 AGAP004169
H12/BFS/2/6,BFS,BFS,Burkina Faso *An. gambiae*,,,H12,2,6,34440000,2R,34440000,34420000,2R,34420000,34460000,2R,34460000,34300001,2R,34300001,34580000,2R,34580000,114.49761962890625,123.29759216308594,64.39852142333984,64.39852142333984,0.09815576893766197,0.9294128145636267,AGAP003244 AGAP003245 AGAP003246 AGAP003247 AGAP003248
H12/GAS/3/2,GAS,GAS,Gabon *An. gambiae*,,,H12,3,2,41920000,3R,41920000,41680000,3R,41680000,41980000,3R,41980000,41060001,3R,41060001,42560000,3R,42560000,112.87007904052734,30.364248275756836,91.94409942626953,30.364248275756836,0.08721301020408162,0.9185158566166561,AGAP009726 AGAP009727 AGAP009728 AGAP009729 AGAP009730 AGAP009731 AGAP009732 AGAP009733 AGAP009734
H12/CMS/2/4,CMS,CMS,Cameroon *An. gambiae*,,,H12,2,4,100840000,2L,39294895,100820000,2L,39274895,100860000,2L,39314895,100685106,2L,39140001,100945105,2L,39400000,112.75965881347656,176.14683532714844,47.5605354309082,47.5605354309082,0.16472066115702474,0.986525075852222,AGAP006868 AGAP006869 AGAP006870 AGAP006871 AGAP006872 AGAP006873 AGAP006874 AGAP006875 AGAP006876 AGAP006877
H12/GNS/2/5,GNS,GNS,Guinea *An. gambiae*,,,H12,2,5,100820000,2L,39274895,100800000,2L,39254895,100840000,2L,39294895,100685106,2L,39140001,100945105,2L,39400000,110.0021743774414,89.86136627197266,82.94554138183594,82.94554138183594,0.15088449531737774,0.9468142066749955,AGAP006868 AGAP006869 AGAP006870 AGAP006871 AGAP006872
IHS/BFS/2/9,BFS,BFS,Burkina Faso *An. gambiae*,,,IHS,2,9,39120000,2R,39120000,39020000,2R,39020000,39140000,2R,39140000,38461741,2R,38461741,39477438,2R,39477438,104.38896179199219,108.25092315673828,40.563720703125,40.563720703125,3.6801522045962054,0.9653623188405797,AGAP003512 AGAP003513 AGAP003514 AGAP003515 AGAP013231 AGAP003516 AGAP003517 AGAP003519 AGAP003521 AGAP012974 AGAP003522 AGAP003523 AGAP003524 AGAP003525
XPEHH/BFS.GWA/3/2,BFS.GWA,BFS,Burkina Faso *An. gambiae*,GWA,Guinea Bissau,XPEHH,3,2,63540000,3L,10339316,63420000,3L,10219316,63580000,3L,10379316,59935005,3L,6734321,65173831,3L,11973147,103.10021209716797,36.05958557128906,64.93167877197266,36.05958557128906,7.951292929112557,0.9935714285714285,AGAP010778 AGAP010779 AGAP010780 AGAP010781 AGAP010782 AGAP010783 AGAP010784 AGAP010785 AGAP010786 AGAP010787 AGAP010788
H12/UGS/2/5,UGS,UGS,Uganda *An. gambiae*,,,H12,2,5,104340000,2L,42794895,104320000,2L,42774895,104360000,2L,42814895,104205106,2L,42660001,104445105,2L,42900000,98.78713989257812,135.53192138671875,48.30992126464844,48.30992126464844,0.14025827127910265,0.9435915744377008,AGAP007103 AGAP007104 AGAP007105 AGAP007106
H12/GWA/2/5,GWA,GWA,Guinea Bissau,,,H12,2,5,7920000,2R,7920000,7900000,2R,7900000,7940000,2R,7940000,7800001,2R,7800001,8060000,2R,8060000,98.69835662841797,114.89005279541016,40.26103973388672,40.26103973388672,0.5829395085066161,1.0,AGAP001674
XPEHH/BFS.GWA/X/3,BFS.GWA,BFS,Burkina Faso *An. gambiae*,GWA,Guinea Bissau,XPEHH,X,3,9680000,X,9680000,9660000,X,9660000,9700000,X,9700000,9562766,X,9562766,9850492,X,9850492,97.69223022460938,39.81608581542969,124.36351013183594,39.81608581542969,3.5458387815947736,0.9116964285714285,AGAP000540 AGAP000541 AGAP013055
H12/GWA/3/2,GWA,GWA,Guinea Bissau,,,H12,3,2,78320000,3L,25119316,78260000,3L,25059316,78380000,3L,25179316,78000685,3L,24800001,78500684,3L,25300000,96.84133911132812,71.5310287475586,45.802494049072266,45.802494049072266,0.08317580340264649,0.8320096376940924,AGAP011479 AGAP011480 AGAP011481
H12/BFM/3/4,BFM,BFM,Burkina Faso *An. coluzzii*,,,H12,3,4,64840000,3L,11639316,64820000,3L,11619316,64860000,3L,11659316,64660685,3L,11460001,64940684,3L,11740000,95.08314514160156,75.75885772705078,216.36746215820312,75.75885772705078,0.6555322480229528,0.9960289130822774,AGAP010833
H12/GAS/3/3,GAS,GAS,Gabon *An. gambiae*,,,H12,3,3,88280000,3L,35079316,88260000,3L,35059316,88340000,3L,35139316,88180685,3L,34980001,88440684,3L,35240000,93.80699157714844,71.66560363769531,55.76597213745117,55.76597213745117,0.12260841836734696,0.9626268978528434,AGAP011917 AGAP011918 AGAP011919 AGAP011920 AGAP011921
